Method,Accuracy
Full,0.9375670542921514
No Adapt,0.8975670542921513
No FL,0.8875670542921513
No DT,0.9075670542921512
No CL,0.9175670542921515
