,Accuracy,Deviation,Detection,Recovery
Accuracy,1.0,-0.2903143235511694,0.957339914055872,-0.11767467121696369
Deviation,-0.2903143235511694,1.0,-0.48035239084439935,0.09415308335415105
Detection,0.957339914055872,-0.48035239084439935,1.0,-0.104903810619094
Recovery,-0.11767467121696369,0.09415308335415105,-0.104903810619094,1.0
