Drift,Node Failure,Packet Loss
0.8733158650412954,0.9033158650412954,0.9233158650412954
0.8688389311261737,0.8988389311261736,0.9188389311261737
0.8473594733522362,0.8773594733522361,0.8973594733522361
0.8539245230278879,0.8839245230278878,0.9039245230278878
0.8443964789131637,0.8743964789131636,0.8943964789131637
